model_name,dataset_name,tissue_id
MEC-1,Broad (CCLE) RNASeq,11
NBsusSR,Sanger RNASeq,19
M14,Sanger RNASeq,22
MDA-MB-134-VI,Broad (CCLE) RNASeq,5
MCC26,Sanger RNASeq,22
MCC13,Sanger RNASeq,22
MCAS,Broad (CCLE) RNASeq,17
MC-1010,Sanger RNASeq,11
Malme-3M,Broad (CCLE) RNASeq,22
LIM1215,Sanger RNASeq,14
KYSE-30,Broad (CCLE) RNASeq,9
NCI-H2286,Broad (CCLE) RNASeq,16
K052,Sanger RNASeq,11
TE-12,Sanger RNASeq,9
UDSCC2,Sanger RNASeq,12
TASK1,Sanger RNASeq,6
SK-NEP-1,Sanger RNASeq,13
SCLC-21H,Broad (CCLE) RNASeq,16
SCaBER,Broad (CCLE) RNASeq,3
OUMS-23,Broad (CCLE) RNASeq,14
Ishikawa(Heraklio)02ER-,Broad (CCLE) RNASeq,8
TMK-1,Sanger RNASeq,25
STS-0421,Sanger RNASeq,25
PL4,Sanger RNASeq,18
PCI-4B,Sanger RNASeq,12
PCI-30,Sanger RNASeq,12
HSC-39,Sanger RNASeq,25
EMC-BAC-2,Sanger RNASeq,16
EMC-BAC-1,Sanger RNASeq,16
DiFi,Sanger RNASeq,14
CHSA0108,Sanger RNASeq,4
CHSA0011,Sanger RNASeq,4
HCE-4,Sanger RNASeq,9
MZ1-PC,Sanger RNASeq,18
PL18,Sanger RNASeq,18
201T,Sanger RNASeq,16
K5,Sanger RNASeq,27
ACN,Sanger RNASeq,19
Hs-944-T,Broad (CCLE) RNASeq,22
HLE,Sanger RNASeq,15
HLF,Broad (CCLE) RNASeq,15
Geo,Sanger RNASeq,14
CRO-AP3,Sanger RNASeq,11
COLO-320,Broad (CCLE) RNASeq,14
BL-70,Broad (CCLE) RNASeq,11
BICR10,Sanger RNASeq,12
BICR31,Broad (CCLE) RNASeq,12
SK-OV-3,Broad (CCLE) RNASeq,17
SK-MEL-5,Broad (CCLE) RNASeq,22
SK-MEL-28,Broad (CCLE) RNASeq,22
SK-MEL-2,Sanger RNASeq,22
SF539,Broad (CCLE) RNASeq,6
SF295,Broad (CCLE) RNASeq,6
SF268,Broad (CCLE) RNASeq,6
RXF393,Sanger RNASeq,13
RPMI-8226,Broad (CCLE) RNASeq,11
PC-3,Broad (CCLE) RNASeq,21
OVCAR-8,Broad (CCLE) RNASeq,17
OVCAR-5,Sanger RNASeq,17
OVCAR-4,Broad (CCLE) RNASeq,17
ONCO-DG-1,Broad (CCLE) RNASeq,17
SN12C,Sanger RNASeq,13
SNB75,Broad (CCLE) RNASeq,6
SR,Sanger RNASeq,11
T47D,Broad (CCLE) RNASeq,5
NCI-H2731,Sanger RNASeq,16
NCI-H2722,Sanger RNASeq,16
NCI-H2595,Sanger RNASeq,16
NCI-H2591,Sanger RNASeq,16
NCI-H2461,Sanger RNASeq,16
NCI-H2373,Sanger RNASeq,16
NCI-H2369,Sanger RNASeq,16
OVCAR-3,Broad (CCLE) RNASeq,17
UACC-62,Broad (CCLE) RNASeq,22
UACC-257,Broad (CCLE) RNASeq,22
U251,Sanger RNASeq,6
U031,Sanger RNASeq,13
TK10,Sanger RNASeq,13
NCI-H513,Sanger RNASeq,16
PCI-6A,Sanger RNASeq,12
NCI-H522,Broad (CCLE) RNASeq,16
NCI-H322M,Broad (CCLE) RNASeq,16
HCC2998,Sanger RNASeq,14
EKVX,Broad (CCLE) RNASeq,16
DU-145,Sanger RNASeq,21
CCRF-CEM,Sanger RNASeq,11
BT-549,Broad (CCLE) RNASeq,5
ACHN,Broad (CCLE) RNASeq,13
A498,Broad (CCLE) RNASeq,13
786-0,Broad (CCLE) RNASeq,13
K2,Sanger RNASeq,22
JHU-022,Sanger RNASeq,12
JHU-011,Sanger RNASeq,12
G-MEL,Sanger RNASeq,22
CFPAC-1,Broad (CCLE) RNASeq,18
CCF-STTG1,Broad (CCLE) RNASeq,6
BxPC-3,Broad (CCLE) RNASeq,18
HOP-62,Broad (CCLE) RNASeq,16
HOP-92,Broad (CCLE) RNASeq,16
Hs-578-T,Broad (CCLE) RNASeq,5
HT-29,Sanger RNASeq,14
NCI-H3122,Sanger RNASeq,16
NCI-H23,Broad (CCLE) RNASeq,16
NCI-H226,Broad (CCLE) RNASeq,16
COLO-792,Broad (CCLE) RNASeq,22
COLO-684,Broad (CCLE) RNASeq,8
COLO-668,Broad (CCLE) RNASeq,16
NCI-H460,Broad (CCLE) RNASeq,16
MOLT-4,Sanger RNASeq,11
MDA-MB-231,Broad (CCLE) RNASeq,5
KPL-1,Broad (CCLE) RNASeq,5
MCF7,Broad (CCLE) RNASeq,5
LOXIMVI,Broad (CCLE) RNASeq,22
KM12,Broad (CCLE) RNASeq,14
IGROV-1,Broad (CCLE) RNASeq,17
MOLT-3,Broad (CCLE) RNASeq,11
NCI-H2795,Sanger RNASeq,16
PCI-38,Sanger RNASeq,12
NB7,Sanger RNASeq,19
KP-N-YS,Sanger RNASeq,19
BB30-HNC,Sanger RNASeq,12
BB49-HNC,Sanger RNASeq,12
CP50-MEL-B,Sanger RNASeq,22
CHSA8926,Sanger RNASeq,4
MZ2-MEL,Sanger RNASeq,22
LB996-RCC,Sanger RNASeq,13
LB831-BLC,Sanger RNASeq,3
LB771-HNC,Sanger RNASeq,12
LB647-SCLC,Sanger RNASeq,16
LB373-MEL-D,Sanger RNASeq,22
LB2518-MEL,Sanger RNASeq,22
LB2241-RCC,Sanger RNASeq,13
LB1047-RCC,Sanger RNASeq,13
HA7-RCC,Sanger RNASeq,13
CP67-MEL,Sanger RNASeq,22
CP66-MEL,Sanger RNASeq,22
BB65-RCC,Sanger RNASeq,13
SNU-81,Sanger RNASeq,14
SNU-61,Broad (CCLE) RNASeq,14
EW-24,Sanger RNASeq,4
EW-22,Sanger RNASeq,4
EW-18,Sanger RNASeq,4
EW-16,Sanger RNASeq,4
CS1,Sanger RNASeq,4
EW-12,Sanger RNASeq,4
EW-7,Sanger RNASeq,4
EW-3,Sanger RNASeq,4
EW-11,Sanger RNASeq,4
D-566MG,Sanger RNASeq,6
D-542MG,Sanger RNASeq,6
D-502MG,Sanger RNASeq,6
D-423MG,Sanger RNASeq,6
A2780,Broad (CCLE) RNASeq,17
ALL-PO,Sanger RNASeq,11
CAS-1,Broad (CCLE) RNASeq,6
FTC-133,Broad (CCLE) RNASeq,27
SNU-407,Sanger RNASeq,14
SNU-283,Sanger RNASeq,14
SNU-175,Sanger RNASeq,14
SNU-1040,Broad (CCLE) RNASeq,14
RO82-W-1,Sanger RNASeq,27
OC-314,Broad (CCLE) RNASeq,17
MPP-89,Broad (CCLE) RNASeq,16
IST-SL1,Sanger RNASeq,16
IST-MES1,Sanger RNASeq,16
IST-MEL1,Sanger RNASeq,22
IMR-32,Broad (CCLE) RNASeq,19
GI-ME-N,Sanger RNASeq,19
FTC-238,Broad (CCLE) RNASeq,27
IST-SL2,Sanger RNASeq,16
NCC010,Sanger RNASeq,13
NCC021,Sanger RNASeq,13
ATN-1,Sanger RNASeq,11
TC-YIK,Sanger RNASeq,7
RCC10RGB,Broad (CCLE) RNASeq,13
PC-14,Broad (CCLE) RNASeq,16
OVK-18,Broad (CCLE) RNASeq,17
OS-RC-2,Broad (CCLE) RNASeq,13
OMC-1,Sanger RNASeq,7
OCUB-M,Sanger RNASeq,5
NOS-1,Sanger RNASeq,4
NEC8,Sanger RNASeq,26
NB69,Sanger RNASeq,19
MS-1,Sanger RNASeq,16
MKN45,Broad (CCLE) RNASeq,25
MKN74,Broad (CCLE) RNASeq,25
TE-15,Broad (CCLE) RNASeq,9
TE-4,Broad (CCLE) RNASeq,9
TGBC11TKB,Sanger RNASeq,25
TGBC1TKB,Sanger RNASeq,2
NB6,Sanger RNASeq,19
NB5,Sanger RNASeq,19
NB17,Sanger RNASeq,19
NB14,Sanger RNASeq,19
NB13,Sanger RNASeq,19
NB12,Sanger RNASeq,19
NB10,Sanger RNASeq,19
MKN28,Sanger RNASeq,25
ES8,Sanger RNASeq,4
ES6,Sanger RNASeq,4
ES5,Sanger RNASeq,4
ES4,Sanger RNASeq,4
ES3,Sanger RNASeq,4
ES1,Sanger RNASeq,4
TGBC24TKB,Sanger RNASeq,2
ES7,Sanger RNASeq,4
PCI-15A,Sanger RNASeq,12
MKN1,Broad (CCLE) RNASeq,25
MDA-MB-453,Broad (CCLE) RNASeq,5
GI-1,Broad (CCLE) RNASeq,6
GCIY,Sanger RNASeq,25
ETK-1,Sanger RNASeq,2
EoL-1-cell,Sanger RNASeq,11
EC-GI-10,Broad (CCLE) RNASeq,9
ECC12,Broad (CCLE) RNASeq,25
ECC10,Broad (CCLE) RNASeq,25
DJM-1,Sanger RNASeq,22
CW-2,Broad (CCLE) RNASeq,14
CTB-1,Sanger RNASeq,11
COLO-679,Broad (CCLE) RNASeq,22
CHP-134,Sanger RNASeq,19
CHP-126,Broad (CCLE) RNASeq,19
BALL-1,Sanger RNASeq,11
HAL-01,Sanger RNASeq,11
HGC-27,Broad (CCLE) RNASeq,25
HMV-II,Sanger RNASeq,22
LU-165,Sanger RNASeq,16
LU-139,Sanger RNASeq,16
LU-135,Sanger RNASeq,16
LU-134-A,Sanger RNASeq,16
LC-2-ad,Sanger RNASeq,16
LC-1F,Broad (CCLE) RNASeq,16
MFH-ino,Sanger RNASeq,24
LC-1-sq,Sanger RNASeq,16
KP-4,Broad (CCLE) RNASeq,18
KGN,Sanger RNASeq,17
JHOS-4,Broad (CCLE) RNASeq,17
JHOS-3,Sanger RNASeq,17
JHOS-2,Broad (CCLE) RNASeq,17
IA-LM,Broad (CCLE) RNASeq,16
KU812,Sanger RNASeq,11
NCI-H2803,Sanger RNASeq,16
NCI-H2804,Sanger RNASeq,16
NCI-H2810,Sanger RNASeq,16
L-363,Broad (CCLE) RNASeq,11
L-1236,Broad (CCLE) RNASeq,11
ZR-75-1,Broad (CCLE) RNASeq,5
YKG-1,Broad (CCLE) RNASeq,6
YH-13,Sanger RNASeq,6
VMRC-RCZ,Sanger RNASeq,13
VMRC-RCW,Broad (CCLE) RNASeq,13
VMRC-MELG,Sanger RNASeq,22
VMRC-LCD,Sanger RNASeq,16
TYK-nu,Broad (CCLE) RNASeq,17
T-T,Broad (CCLE) RNASeq,9
TK,Sanger RNASeq,11
TGW,Sanger RNASeq,19
TE-9,Broad (CCLE) RNASeq,9
TE-8,Sanger RNASeq,9
L-428,Broad (CCLE) RNASeq,11
TE-6,Sanger RNASeq,9
L-540,Broad (CCLE) RNASeq,11
LAN-6,Sanger RNASeq,19
MHH-CALL-2,Broad (CCLE) RNASeq,11
MFM-223,Sanger RNASeq,5
MFE-319,Broad (CCLE) RNASeq,8
MFE-296,Broad (CCLE) RNASeq,8
MFE-280,Broad (CCLE) RNASeq,8
MEL-JUSO,Broad (CCLE) RNASeq,22
MEL-HO,Broad (CCLE) RNASeq,22
ME-1,Broad (CCLE) RNASeq,11
LXF-289,Broad (CCLE) RNASeq,16
LP-1,Broad (CCLE) RNASeq,11
LOU-NH91,Broad (CCLE) RNASeq,16
LOUCY,Broad (CCLE) RNASeq,11
LN-405,Sanger RNASeq,6
LCLC-97TM1,Broad (CCLE) RNASeq,16
LCLC-103H,Broad (CCLE) RNASeq,16
LAMA-84,Sanger RNASeq,11
TE-5,Broad (CCLE) RNASeq,9
TE-11,Broad (CCLE) RNASeq,9
TE-10,Sanger RNASeq,9
SAT,Sanger RNASeq,12
SAS,Sanger RNASeq,12
RMG-I,Broad (CCLE) RNASeq,17
RKN,Broad (CCLE) RNASeq,24
RERF-LC-Sq1,Broad (CCLE) RNASeq,16
RERF-LC-MS,Broad (CCLE) RNASeq,16
RERF-LC-KJ,Broad (CCLE) RNASeq,16
RERF-GC-1B,Broad (CCLE) RNASeq,25
RCM-1,Broad (CCLE) RNASeq,14
QGP-1,Broad (CCLE) RNASeq,18
P32-ISH,Sanger RNASeq,11
P31-FUJ,Broad (CCLE) RNASeq,11
P30-OHK,Sanger RNASeq,11
SBC-1,Sanger RNASeq,16
SBC-3,Sanger RNASeq,16
SBC-5,Broad (CCLE) RNASeq,16
TE-1,Broad (CCLE) RNASeq,9
TALL-1,Broad (CCLE) RNASeq,11
SUIT-2,Sanger RNASeq,18
SNG-M,Broad (CCLE) RNASeq,8
SLVL,Sanger RNASeq,11
SKN-3,Sanger RNASeq,12
MHH-CALL-4,Broad (CCLE) RNASeq,11
SKN,Sanger RNASeq,29
SK-MG-1,Sanger RNASeq,6
SKM-1,Broad (CCLE) RNASeq,11
SKG-IIIa,Sanger RNASeq,7
SF126,Broad (CCLE) RNASeq,6
SCH,Sanger RNASeq,25
SCC-3,Sanger RNASeq,11
MHH-ES-1,Broad (CCLE) RNASeq,4
MHH-NB-11,Broad (CCLE) RNASeq,19
MHH-PREB-1,Sanger RNASeq,11
SU-DHL-10,Sanger RNASeq,11
SU-DHL-1,Broad (CCLE) RNASeq,11
SK-MM-2,Broad (CCLE) RNASeq,11
SK-MEL-30,Broad (CCLE) RNASeq,22
SK-GT-2,Sanger RNASeq,25
SISO,Sanger RNASeq,7
SIMA,Broad (CCLE) RNASeq,19
SIG-M5,Broad (CCLE) RNASeq,11
Set2,Sanger RNASeq,11
SCC90,Sanger RNASeq,12
SC-1,Sanger RNASeq,11
RVH-421,Sanger RNASeq,22
RT-112,Broad (CCLE) RNASeq,3
RPMI-8402,Broad (CCLE) RNASeq,11
SU-DHL-16,Sanger RNASeq,11
SU-DHL-4,Broad (CCLE) RNASeq,11
SU-DHL-5,Sanger RNASeq,11
SU-DHL-6,Sanger RNASeq,11
YT,Sanger RNASeq,11
YAPC,Sanger RNASeq,18
WSU-NHL,Sanger RNASeq,11
WSU-DLCL2,Sanger RNASeq,11
VM-CUB-1,Sanger RNASeq,3
ROS-50,Sanger RNASeq,11
VAL,Sanger RNASeq,11
U-266,Sanger RNASeq,11
TT2609-C02,Sanger RNASeq,27
TC-71,Broad (CCLE) RNASeq,4
SW1710,Sanger RNASeq,3
SUP-M2,Broad (CCLE) RNASeq,11
SUP-HD1,Sanger RNASeq,11
SU-DHL-8,Broad (CCLE) RNASeq,11
U-698-M,Sanger RNASeq,11
OVTOKO,Broad (CCLE) RNASeq,17
RH-41,Broad (CCLE) RNASeq,24
RH-1,Sanger RNASeq,4
NB4,Broad (CCLE) RNASeq,11
NALM-6,Broad (CCLE) RNASeq,11
MOLT-16,Broad (CCLE) RNASeq,11
MOLT-13,Broad (CCLE) RNASeq,11
MOLP-8,Broad (CCLE) RNASeq,11
MOLM-16,Broad (CCLE) RNASeq,11
MOLM-13,Broad (CCLE) RNASeq,11
MN-60,Sanger RNASeq,11
ML-2,Sanger RNASeq,11
ML-1,Broad (CCLE) RNASeq,11
NU-DUL-1,Broad (CCLE) RNASeq,11
OACM5-1,Sanger RNASeq,9
OACp4C,Sanger RNASeq,9
OCI-AML2,Broad (CCLE) RNASeq,11
REH,Broad (CCLE) RNASeq,11
RC-K8,Sanger RNASeq,11
RCH-ACV,Broad (CCLE) RNASeq,11
PL-21,Broad (CCLE) RNASeq,11
PF-382,Broad (CCLE) RNASeq,11
PA-TU-8988S,Broad (CCLE) RNASeq,18
PA-TU-8988T,Broad (CCLE) RNASeq,18
RH-18,Broad (CCLE) RNASeq,24
PA-TU-8902,Broad (CCLE) RNASeq,18
OPM-2,Broad (CCLE) RNASeq,11
OCI-M1,Broad (CCLE) RNASeq,11
OCI-LY7,Sanger RNASeq,11
OCI-LY-19,Broad (CCLE) RNASeq,11
OCI-AML5,Broad (CCLE) RNASeq,11
OCI-AML3,Broad (CCLE) RNASeq,11
P12-ICHIKAWA,Broad (CCLE) RNASeq,11
OVMIU,Sanger RNASeq,17
OVKATE,Sanger RNASeq,17
QIMR-WIL,Sanger RNASeq,11
PSN1,Broad (CCLE) RNASeq,18
PEO1,Sanger RNASeq,17
PE-CA-PJ15,Broad (CCLE) RNASeq,12
OV-7,Broad (CCLE) RNASeq,17
OV-56,Broad (CCLE) RNASeq,17
OV-17R,Sanger RNASeq,17
OE33,Broad (CCLE) RNASeq,9
OE21,Broad (CCLE) RNASeq,9
OE19,Broad (CCLE) RNASeq,9
OAW-42,Broad (CCLE) RNASeq,17
OAW-28,Broad (CCLE) RNASeq,17
RPMI-8866,Sanger RNASeq,11
SK-GT-4,Sanger RNASeq,9
TT,Broad (CCLE) RNASeq,27
BICR22,Broad (CCLE) RNASeq,12
EBC-1,Broad (CCLE) RNASeq,16
CCK-81,Sanger RNASeq,14
CaR-1,Sanger RNASeq,14
Ca9-22,Sanger RNASeq,12
Becker,Sanger RNASeq,6
ASH-3,Sanger RNASeq,27
AM-38,Broad (CCLE) RNASeq,6
NCI-H292,Broad (CCLE) RNASeq,16
ABC-1,Broad (CCLE) RNASeq,16
A3-KAW,Broad (CCLE) RNASeq,11
HTC-C3,Sanger RNASeq,27
SNU-C5,Sanger RNASeq,14
22RV1,Broad (CCLE) RNASeq,21
BICR78,Sanger RNASeq,12
A4-Fuk,Broad (CCLE) RNASeq,11
FU97,Broad (CCLE) RNASeq,25
MOG-G-UVW,Sanger RNASeq,6
MIA-PaCa-2,Broad (CCLE) RNASeq,18
COR-L88,Broad (CCLE) RNASeq,16
COR-L321,Sanger RNASeq,16
COR-L32,Sanger RNASeq,16
COR-L311,Broad (CCLE) RNASeq,16
COR-L303,Sanger RNASeq,16
COR-L279,Broad (CCLE) RNASeq,16
COR-L23,Broad (CCLE) RNASeq,16
COR-L105,Broad (CCLE) RNASeq,16
COLO-800,Broad (CCLE) RNASeq,22
MZ7-mel,Sanger RNASeq,22
NCI-H3118,Sanger RNASeq,12
NCI-H290,Sanger RNASeq,16
NCI-H2869,Sanger RNASeq,16
NCI-H2818,Sanger RNASeq,16
COR-L95,Broad (CCLE) RNASeq,16
DMS-273,Broad (CCLE) RNASeq,16
DMS-53,Broad (CCLE) RNASeq,16
DMS-79,Broad (CCLE) RNASeq,16
MG-63,Broad (CCLE) RNASeq,4
MEG-01,Broad (CCLE) RNASeq,11
MDST8,Sanger RNASeq,14
MDA-MB-361,Sanger RNASeq,5
MDA-MB-157,Broad (CCLE) RNASeq,5
KYAE-1,Sanger RNASeq,9
HuP-T4,Broad (CCLE) RNASeq,18
MOG-G-CCM,Sanger RNASeq,6
HuP-T3,Broad (CCLE) RNASeq,18
HT-115,Sanger RNASeq,14
H-EMC-SS,Sanger RNASeq,4
GP2d,Broad (CCLE) RNASeq,14
GP5d,Sanger RNASeq,14
ESO51,Sanger RNASeq,9
ESO26,Sanger RNASeq,9
DOK,Sanger RNASeq,12
HT55,Sanger RNASeq,14
D-392MG,Sanger RNASeq,6
GAK,Sanger RNASeq,22
GOTO,Sanger RNASeq,19
Mewo,Broad (CCLE) RNASeq,22
LU-65,Broad (CCLE) RNASeq,16
LK-2,Broad (CCLE) RNASeq,16
LC4-1,Sanger RNASeq,11
KYSE-50,Sanger RNASeq,9
KYSE-220,Sanger RNASeq,9
KYM-1,Broad (CCLE) RNASeq,24
KY821,Sanger RNASeq,11
KURAMOCHI,Broad (CCLE) RNASeq,17
KS-1,Broad (CCLE) RNASeq,6
KP-N-YN,Broad (CCLE) RNASeq,19
KP-N-RT-BM-1,Broad (CCLE) RNASeq,19
MKN7,Broad (CCLE) RNASeq,25
MLMA,Sanger RNASeq,11
MRK-nu-1,Sanger RNASeq,5
OVISE,Broad (CCLE) RNASeq,17
OSC-20,Sanger RNASeq,12
OSC-19,Sanger RNASeq,12
ONS-76,Broad (CCLE) RNASeq,6
OCUM-1,Broad (CCLE) RNASeq,25
NY,Sanger RNASeq,4
NUGC-4,Broad (CCLE) RNASeq,25
KP-3,Broad (CCLE) RNASeq,18
NUGC-3,Broad (CCLE) RNASeq,25
no-11,Sanger RNASeq,6
no-10,Sanger RNASeq,6
NMC-G1,Broad (CCLE) RNASeq,6
NKM-1,Sanger RNASeq,11
NH-12,Sanger RNASeq,19
NB1,Broad (CCLE) RNASeq,19
NB(TU)1-10,Sanger RNASeq,19
NOMO-1,Broad (CCLE) RNASeq,11
GB-1,Broad (CCLE) RNASeq,6
KP-2,Broad (CCLE) RNASeq,18
KP-1N,Sanger RNASeq,18
HuO-3N1,Sanger RNASeq,4
HuH-7,Broad (CCLE) RNASeq,15
huH-1,Broad (CCLE) RNASeq,15
HuCCT1,Broad (CCLE) RNASeq,2
HSC-4,Broad (CCLE) RNASeq,12
HSC-3,Broad (CCLE) RNASeq,12
HSC-2,Broad (CCLE) RNASeq,12
HO-1-u-1,Sanger RNASeq,12
HO-1-N-1,Sanger RNASeq,12
HEL-92-1-7,Broad (CCLE) RNASeq,11
HEL,Broad (CCLE) RNASeq,11
HEC-1,Sanger RNASeq,8
HARA,Broad (CCLE) RNASeq,16
HuO9,Sanger RNASeq,4
IHH-4,Sanger RNASeq,27
IM-95,Broad (CCLE) RNASeq,25
KOSC-2,Sanger RNASeq,12
KON,Sanger RNASeq,12
KNS-62,Sanger RNASeq,16
KNS-42,Broad (CCLE) RNASeq,6
KMS-11,Broad (CCLE) RNASeq,11
KMRC-20,Broad (CCLE) RNASeq,13
PANC-1,Broad (CCLE) RNASeq,18
KMRC-1,Broad (CCLE) RNASeq,13
KINGS-1,Sanger RNASeq,6
KALS-1,Broad (CCLE) RNASeq,6
JHH-7,Broad (CCLE) RNASeq,15
JHH-6,Broad (CCLE) RNASeq,15
JHH-4,Broad (CCLE) RNASeq,15
JHH-2,Broad (CCLE) RNASeq,15
JHH-1,Broad (CCLE) RNASeq,15
KMH-2,Sanger RNASeq,27
D-336MG,Sanger RNASeq,6
EW-13,Sanger RNASeq,4
D-247MG,Sanger RNASeq,6
Mo-T,Sanger RNASeq,11
MES-SA,Broad (CCLE) RNASeq,29
ME-180,Sanger RNASeq,7
MDA-MB-468,Broad (CCLE) RNASeq,5
MDA-MB-436,Broad (CCLE) RNASeq,5
MDA-MB-415,Broad (CCLE) RNASeq,5
MDA-MB-330,Sanger RNASeq,5
IM-9,Sanger RNASeq,11
MDA-MB-175-VII,Broad (CCLE) RNASeq,5
SK-N-MC,Broad (CCLE) RNASeq,4
MC-CAR,Sanger RNASeq,11
MC116,Broad (CCLE) RNASeq,11
MS751,Sanger RNASeq,7
M059K,Broad (CCLE) RNASeq,6
MSTO-211H,Broad (CCLE) RNASeq,16
NAMALWA,Broad (CCLE) RNASeq,11
NCI-H1417,Sanger RNASeq,16
NCI-H1395,Broad (CCLE) RNASeq,16
NCI-H1355,Broad (CCLE) RNASeq,16
NCI-H1341,Broad (CCLE) RNASeq,16
NCI-H1304,Sanger RNASeq,16
NCI-H1299,Broad (CCLE) RNASeq,16
NCI-H128,Sanger RNASeq,16
NCI-H1155,Broad (CCLE) RNASeq,16
NCI-H1105,Broad (CCLE) RNASeq,16
NCI-H1092,Broad (CCLE) RNASeq,16
NCI-H1048,Broad (CCLE) RNASeq,16
NCCIT,Sanger RNASeq,26
MV-4-11,Broad (CCLE) RNASeq,11
NCI-H1435,Broad (CCLE) RNASeq,16
M059J,Sanger RNASeq,6
LS-411N,Broad (CCLE) RNASeq,14
HT,Broad (CCLE) RNASeq,11
Hs-940-T,Broad (CCLE) RNASeq,22
Hs-939-T,Broad (CCLE) RNASeq,22
Hs-766T,Broad (CCLE) RNASeq,18
Hs-746T,Broad (CCLE) RNASeq,25
Hs-683,Broad (CCLE) RNASeq,6
Hs-633T,Sanger RNASeq,24
Hs-445,Sanger RNASeq,11
HPAF-II,Broad (CCLE) RNASeq,18
HPAC,Broad (CCLE) RNASeq,18
HH,Broad (CCLE) RNASeq,11
Hep3B2-1-7,Broad (CCLE) RNASeq,15
HCC70,Broad (CCLE) RNASeq,5
HCC38,Broad (CCLE) RNASeq,5
HT-1197,Broad (CCLE) RNASeq,3
LS-513,Sanger RNASeq,14
HT-1376,Broad (CCLE) RNASeq,3
HT-3,Sanger RNASeq,7
LS-180,Sanger RNASeq,14
LS1034,Broad (CCLE) RNASeq,14
LNCaP-Clone-FGC,Broad (CCLE) RNASeq,21
LN-229,Broad (CCLE) RNASeq,6
LN-18,Broad (CCLE) RNASeq,6
KLE,Broad (CCLE) RNASeq,8
KATOIII,Broad (CCLE) RNASeq,25
JSC-1,Sanger RNASeq,11
JM1,Broad (CCLE) RNASeq,11
JHU-029,Sanger RNASeq,12
J82,Broad (CCLE) RNASeq,3
HuTu-80,Broad (CCLE) RNASeq,23
HT-144,Broad (CCLE) RNASeq,22
NCI-H1436,Broad (CCLE) RNASeq,16
NCI-H146,Broad (CCLE) RNASeq,16
NCI-H2141,Sanger RNASeq,16
NCI-H2135,Sanger RNASeq,16
NCI-H2122,Broad (CCLE) RNASeq,16
NCI-H2110,Broad (CCLE) RNASeq,16
NCI-H211,Broad (CCLE) RNASeq,16
NCI-H209,Broad (CCLE) RNASeq,16
NCI-H2087,Broad (CCLE) RNASeq,16
NCI-H2085,Broad (CCLE) RNASeq,16
NCI-H2081,Broad (CCLE) RNASeq,16
NCI-H2066,Broad (CCLE) RNASeq,16
NCI-H2052,Broad (CCLE) RNASeq,16
NCI-H2030,Broad (CCLE) RNASeq,16
NCI-H2170,Broad (CCLE) RNASeq,16
NCI-H358,Broad (CCLE) RNASeq,16
NCI-H345,Sanger RNASeq,16
NCI-H28,Broad (CCLE) RNASeq,16
NCI-H250,Sanger RNASeq,16
NCI-H2452,Broad (CCLE) RNASeq,16
NCI-H2444,Broad (CCLE) RNASeq,16
NCI-H2405,Broad (CCLE) RNASeq,16
NCI-H2347,Broad (CCLE) RNASeq,16
NCI-H2342,Broad (CCLE) RNASeq,16
NCI-H2291,Broad (CCLE) RNASeq,16
NCI-H2228,Broad (CCLE) RNASeq,16
NCI-H2227,Broad (CCLE) RNASeq,16
NCI-H2196,Broad (CCLE) RNASeq,16
D-263MG,Sanger RNASeq,6
NCI-H2171,Broad (CCLE) RNASeq,16
NCI-H1437,Broad (CCLE) RNASeq,16
NCI-H2029,Broad (CCLE) RNASeq,16
NCI-H1770,Sanger RNASeq,16
NCI-H1755,Broad (CCLE) RNASeq,16
NCI-H1734,Broad (CCLE) RNASeq,16
NCI-H1703,Broad (CCLE) RNASeq,16
NCI-H1694,Broad (CCLE) RNASeq,16
NCI-H1693,Broad (CCLE) RNASeq,16
NCI-H1666,Broad (CCLE) RNASeq,16
NCI-H1651,Broad (CCLE) RNASeq,16
NCI-H1650,Broad (CCLE) RNASeq,16
NCI-H1648,Broad (CCLE) RNASeq,16
NCI-H1623,Broad (CCLE) RNASeq,16
NCI-H1581,Broad (CCLE) RNASeq,16
NCI-H1573,Broad (CCLE) RNASeq,16
NCI-H1568,Broad (CCLE) RNASeq,16
NCI-H1563,Broad (CCLE) RNASeq,16
NCI-H2023,Broad (CCLE) RNASeq,16
NCI-H1781,Broad (CCLE) RNASeq,16
NCI-H1793,Broad (CCLE) RNASeq,16
NCI-H2009,Broad (CCLE) RNASeq,16
NCI-H2073,Broad (CCLE) RNASeq,16
NCI-H1993,Sanger RNASeq,16
NCI-H1975,Broad (CCLE) RNASeq,16
NCI-H1963,Broad (CCLE) RNASeq,16
NCI-H196,Broad (CCLE) RNASeq,16
NCI-H1944,Broad (CCLE) RNASeq,16
NCI-H1915,Broad (CCLE) RNASeq,16
NCI-H1876,Broad (CCLE) RNASeq,16
NCI-H187,Sanger RNASeq,16
NCI-H1869,Broad (CCLE) RNASeq,16
NCI-H1838,Broad (CCLE) RNASeq,16
NCI-H1836,Sanger RNASeq,16
NCI-H1792,Broad (CCLE) RNASeq,16
HCC2218,Broad (CCLE) RNASeq,5
HCC2157,Broad (CCLE) RNASeq,5
NCI-H2126,Broad (CCLE) RNASeq,16
LS-123,Broad (CCLE) RNASeq,14
NCI-H508,Broad (CCLE) RNASeq,14
NCI-H747,Broad (CCLE) RNASeq,14
NCI-H716,Broad (CCLE) RNASeq,14
SNU-C2B,Sanger RNASeq,14
T84,Broad (CCLE) RNASeq,14
HCT-116,Sanger RNASeq,14
KG-1-C,Broad (CCLE) RNASeq,6
KG-1,Broad (CCLE) RNASeq,11
HCT-15,Sanger RNASeq,14
K-562,Broad (CCLE) RNASeq,11
NCI-H1688,Sanger RNASeq,16
EB-3,Sanger RNASeq,11
A388,Sanger RNASeq,22
A375,Broad (CCLE) RNASeq,22
A253,Broad (CCLE) RNASeq,12
A2058,Broad (CCLE) RNASeq,22
A204,Broad (CCLE) RNASeq,24
A172,Broad (CCLE) RNASeq,6
A101D,Broad (CCLE) RNASeq,22
769-P,Broad (CCLE) RNASeq,13
HOS,Broad (CCLE) RNASeq,4
5637,Broad (CCLE) RNASeq,3
JiyoyeP-2003,Sanger RNASeq,11
RPMI-2650,Sanger RNASeq,12
A427,Sanger RNASeq,16
SW1417,Broad (CCLE) RNASeq,14
RPMI-6666,Sanger RNASeq,11
SW13,Sanger RNASeq,1
UWB1.289,Sanger RNASeq,17
RCC-MF,Sanger RNASeq,13
RCC-JW,Sanger RNASeq,13
RCC-JF,Sanger RNASeq,13
RCC-FG2,Sanger RNASeq,13
RCC-ER,Sanger RNASeq,13
RCC-AB,Sanger RNASeq,13
COLO-201,Broad (CCLE) RNASeq,14
COLO-205,Sanger RNASeq,14
HT-1080,Broad (CCLE) RNASeq,24
HL-60,Broad (CCLE) RNASeq,11
Detroit562,Broad (CCLE) RNASeq,12
SW948,Sanger RNASeq,14
SW837,Sanger RNASeq,14
SW1463,Sanger RNASeq,14
SW1116,Sanger RNASeq,14
SW403,Sanger RNASeq,14
SW48,Sanger RNASeq,14
LoVo,Broad (CCLE) RNASeq,14
SW620,Sanger RNASeq,14
COLO-320-HSR,Sanger RNASeq,14
Raji,Broad (CCLE) RNASeq,11
Daudi,Broad (CCLE) RNASeq,11
HeLa,Sanger RNASeq,7
RD,Broad (CCLE) RNASeq,24
A673,Broad (CCLE) RNASeq,4
A704,Broad (CCLE) RNASeq,13
AGS,Broad (CCLE) RNASeq,25
HuT-78,Broad (CCLE) RNASeq,11
H4,Broad (CCLE) RNASeq,6
GCT,Broad (CCLE) RNASeq,24
GA-10,Broad (CCLE) RNASeq,11
G-402,Broad (CCLE) RNASeq,24
G-401,Broad (CCLE) RNASeq,13
G-361,Broad (CCLE) RNASeq,22
G-292-Clone-A141B1,Broad (CCLE) RNASeq,4
Farage,Sanger RNASeq,11
FADU,Broad (CCLE) RNASeq,12
ES-2,Broad (CCLE) RNASeq,17
EB-1,Broad (CCLE) RNASeq,11
EB2,Sanger RNASeq,11
DoTc2-4510,Sanger RNASeq,7
DMS-114,Broad (CCLE) RNASeq,16
HCC1143,Broad (CCLE) RNASeq,5
DBTRG-05MG,Broad (CCLE) RNASeq,6
HCC202,Broad (CCLE) RNASeq,5
HCC1954,Broad (CCLE) RNASeq,5
HCC1937,Broad (CCLE) RNASeq,5
HCC1806,Sanger RNASeq,5
HCC1599,Broad (CCLE) RNASeq,5
HCC1569,Broad (CCLE) RNASeq,5
HCC1500,Broad (CCLE) RNASeq,5
HCC1428,Broad (CCLE) RNASeq,5
HCC1419,Broad (CCLE) RNASeq,5
HCC1395,Broad (CCLE) RNASeq,5
HCC1187,Sanger RNASeq,5
DB,Broad (CCLE) RNASeq,11
Daoy,Broad (CCLE) RNASeq,6
D-283MED,Broad (CCLE) RNASeq,6
C-33-A,Sanger RNASeq,7
C32,Broad (CCLE) RNASeq,22
BT-483,Broad (CCLE) RNASeq,5
BT-20,Broad (CCLE) RNASeq,5
SK-N-BE-2,Broad (CCLE) RNASeq,19
BC-3,Sanger RNASeq,11
BC-1,Sanger RNASeq,11
SK-BR-3,Broad (CCLE) RNASeq,5
AU565,Broad (CCLE) RNASeq,5
AsPC-1,Broad (CCLE) RNASeq,18
ARH-77,Sanger RNASeq,11
AN3-CA,Broad (CCLE) RNASeq,8
A549,Broad (CCLE) RNASeq,16
Hep-G2,Broad (CCLE) RNASeq,15
C-4-I,Sanger RNASeq,7
CA46,Broad (CCLE) RNASeq,11
COLO-829,Broad (CCLE) RNASeq,22
CHP-212,Broad (CCLE) RNASeq,19
NCI-H378,Sanger RNASeq,16
CESS,Sanger RNASeq,11
Caov-4,Broad (CCLE) RNASeq,17
Caov-3,Broad (CCLE) RNASeq,17
CAMA-1,Broad (CCLE) RNASeq,5
Calu-6,Broad (CCLE) RNASeq,16
Calu-3,Broad (CCLE) RNASeq,16
Ca-Ski,Sanger RNASeq,7
ChaGo-K-1,Broad (CCLE) RNASeq,16
NCI-H441,Broad (CCLE) RNASeq,16
NCI-H2172,Broad (CCLE) RNASeq,16
NCI-H510A,Sanger RNASeq,16
CAL-85-1,Broad (CCLE) RNASeq,5
CAL-78,Sanger RNASeq,4
CAL-72,Sanger RNASeq,4
CAL-62,Broad (CCLE) RNASeq,27
CAL-54,Broad (CCLE) RNASeq,13
CAL-51,Broad (CCLE) RNASeq,5
CAPAN-1,Broad (CCLE) RNASeq,18
CAL-39,Sanger RNASeq,30
CAL-29,Broad (CCLE) RNASeq,3
CAL-27,Broad (CCLE) RNASeq,12
CAL-148,Broad (CCLE) RNASeq,5
CAL-12T,Broad (CCLE) RNASeq,16
CAL-120,Broad (CCLE) RNASeq,5
CAKI-1,Broad (CCLE) RNASeq,13
CAL-33,Broad (CCLE) RNASeq,12
CAPAN-2,Broad (CCLE) RNASeq,18
CL-11,Broad (CCLE) RNASeq,14
CL-34,Broad (CCLE) RNASeq,14
DND-41,Sanger RNASeq,11
DK-MG,Broad (CCLE) RNASeq,6
DG-75,Sanger RNASeq,11
DEL,Broad (CCLE) RNASeq,11
DAN-G,Broad (CCLE) RNASeq,18
CTV-1,Sanger RNASeq,11
CRO-AP2,Sanger RNASeq,11
CPC-N,Sanger RNASeq,16
COLO-824,Sanger RNASeq,5
COLO-783,Broad (CCLE) RNASeq,22
COLO-680N,Broad (CCLE) RNASeq,9
COLO-678,Broad (CCLE) RNASeq,14
CML-T1,Sanger RNASeq,11
CMK,Broad (CCLE) RNASeq,11
CL-40,Sanger RNASeq,14
CADO-ES1,Broad (CCLE) RNASeq,4
BV-173,Sanger RNASeq,11
BT-474,Broad (CCLE) RNASeq,5
BPH-1,Sanger RNASeq,21
NCI-H446,Broad (CCLE) RNASeq,16
OVCA433,Sanger RNASeq,17
OVCA420,Sanger RNASeq,17
Hey,Sanger RNASeq,17
DOV13,Sanger RNASeq,17
DSH1,Sanger RNASeq,3
ZR-75-30,Sanger RNASeq,5
WM793B,Sanger RNASeq,22
WM35,Sanger RNASeq,22
WM278,Sanger RNASeq,22
WM1552C,Sanger RNASeq,22
WM-266-4,Broad (CCLE) RNASeq,22
23132-87,Broad (CCLE) RNASeq,25
DOHH-2,Broad (CCLE) RNASeq,11
42-MG-BA,Broad (CCLE) RNASeq,6
647-V,Broad (CCLE) RNASeq,3
BONNA-12,Sanger RNASeq,11
BL-41,Broad (CCLE) RNASeq,11
BHY,Broad (CCLE) RNASeq,12
BHT-101,Broad (CCLE) RNASeq,27
BFTC-909,Broad (CCLE) RNASeq,13
BFTC-905,Broad (CCLE) RNASeq,3
BEN,Broad (CCLE) RNASeq,16
PEER,Broad (CCLE) RNASeq,11
B-CPAP,Broad (CCLE) RNASeq,27
AMO-1,Broad (CCLE) RNASeq,11
ALL-SIL,Broad (CCLE) RNASeq,11
A431,Sanger RNASeq,30
8505C,Broad (CCLE) RNASeq,27
8305C,Broad (CCLE) RNASeq,27
8-MG-BA,Broad (CCLE) RNASeq,6
639-V,Broad (CCLE) RNASeq,3
WM-115,Broad (CCLE) RNASeq,22
DU-4475,Broad (CCLE) RNASeq,5
EFM-192A,Broad (CCLE) RNASeq,5
KE-37,Broad (CCLE) RNASeq,11
KCL-22,Broad (CCLE) RNASeq,11
KASUMI-1,Broad (CCLE) RNASeq,11
KARPAS-620,Sanger RNASeq,11
KARPAS-45,Sanger RNASeq,11
KARPAS-422,Broad (CCLE) RNASeq,11
KELLY,Broad (CCLE) RNASeq,19
KARPAS-299,Broad (CCLE) RNASeq,11
KARPAS-1106P,Sanger RNASeq,11
JVM-3,Broad (CCLE) RNASeq,11
JVM-2,Broad (CCLE) RNASeq,11
JURL-MK1,Broad (CCLE) RNASeq,11
Jurkat,Broad (CCLE) RNASeq,11
KARPAS-231,Sanger RNASeq,11
KM-H2,Broad (CCLE) RNASeq,11
KMOE-2,Sanger RNASeq,11
KMS-12-BM,Broad (CCLE) RNASeq,11
MONO-MAC-1,Broad (CCLE) RNASeq,11
MONO-MAC-6,Broad (CCLE) RNASeq,11
KYSE-70,Broad (CCLE) RNASeq,9
KYSE-520,Broad (CCLE) RNASeq,9
KYSE-510,Broad (CCLE) RNASeq,9
KYSE-450,Broad (CCLE) RNASeq,9
KYSE-410,Broad (CCLE) RNASeq,9
KYSE-270,Broad (CCLE) RNASeq,9
KYSE-180,Broad (CCLE) RNASeq,9
KYSE-150,Broad (CCLE) RNASeq,9
KYSE-140,Broad (CCLE) RNASeq,9
KU-19-19,Broad (CCLE) RNASeq,3
KOPN-8,Broad (CCLE) RNASeq,11
JJN-3,Broad (CCLE) RNASeq,11
JIMT-1,Broad (CCLE) RNASeq,5
JEKO-1,Broad (CCLE) RNASeq,11
JAR,Sanger RNASeq,20
FU-OV-1,Broad (CCLE) RNASeq,17
FLO-1,Sanger RNASeq,9
EVSA-T,Sanger RNASeq,5
ESS-1,Broad (CCLE) RNASeq,8
EPLC-272H,Broad (CCLE) RNASeq,16
EN,Broad (CCLE) RNASeq,8
EM-2,Sanger RNASeq,11
EJM,Broad (CCLE) RNASeq,11
EHEB,Broad (CCLE) RNASeq,11
EGI-1,Sanger RNASeq,2
EFO-27,Broad (CCLE) RNASeq,17
EFO-21,Broad (CCLE) RNASeq,17
GAMG,Broad (CCLE) RNASeq,6
EFM-19,Broad (CCLE) RNASeq,5
GDM-1,Broad (CCLE) RNASeq,11
GRANTA-519,Broad (CCLE) RNASeq,11
IPC-298,Broad (CCLE) RNASeq,22
IGR-1,Broad (CCLE) RNASeq,22
HN,Sanger RNASeq,12
HDQ-P1,Broad (CCLE) RNASeq,5
HD-MY-Z,Broad (CCLE) RNASeq,11
HDLM-2,Sanger RNASeq,11
IGR-37,Broad (CCLE) RNASeq,22
HCC-827,Broad (CCLE) RNASeq,16
HCC-78,Broad (CCLE) RNASeq,16
HCC-44,Broad (CCLE) RNASeq,16
HCC-366,Broad (CCLE) RNASeq,16
HCC-33,Broad (CCLE) RNASeq,16
HCC-15,Broad (CCLE) RNASeq,16
HC-1,Sanger RNASeq,11
GMS-10,Broad (CCLE) RNASeq,6
697,Broad (CCLE) RNASeq,11
VCaP,Broad (CCLE) RNASeq,21
SHP-77,Broad (CCLE) RNASeq,16
SH-4,Broad (CCLE) RNASeq,22
SCC-9,Broad (CCLE) RNASeq,12
SCC-4,Broad (CCLE) RNASeq,12
SCC-25,Broad (CCLE) RNASeq,12
SCC-15,Broad (CCLE) RNASeq,12
Saos-2,Broad (CCLE) RNASeq,4
RT4,Broad (CCLE) RNASeq,3
RS4-11,Broad (CCLE) RNASeq,11
RPMI-7951,Broad (CCLE) RNASeq,22
RL95-2,Broad (CCLE) RNASeq,8
RL,Broad (CCLE) RNASeq,11
RKO,Sanger RNASeq,14
RF-48,Sanger RNASeq,11
SiHa,Sanger RNASeq,7
SJRH30,Sanger RNASeq,24
SK-CO-1,Broad (CCLE) RNASeq,14
SK-PN-DW,Sanger RNASeq,6
SK-N-SH,Sanger RNASeq,19
SK-N-FI,Broad (CCLE) RNASeq,19
SK-N-DZ,Broad (CCLE) RNASeq,19
SK-N-AS,Broad (CCLE) RNASeq,19
WIL2-NS,Sanger RNASeq,11
SK-MES-1,Broad (CCLE) RNASeq,16
SK-MEL-31,Broad (CCLE) RNASeq,22
SK-MEL-3,Broad (CCLE) RNASeq,22
SK-MEL-24,Broad (CCLE) RNASeq,22
SK-MEL-1,Broad (CCLE) RNASeq,22
SK-LU-1,Broad (CCLE) RNASeq,16
SK-LMS-1,Broad (CCLE) RNASeq,24
SK-HEP-1,Broad (CCLE) RNASeq,15
SK-ES-1,Broad (CCLE) RNASeq,4
SJSA-1,Broad (CCLE) RNASeq,4
SK-UT-1,Broad (CCLE) RNASeq,29
PWR-1E,Sanger RNASeq,21
NCI-H810,Broad (CCLE) RNASeq,16
NCI-H748,Sanger RNASeq,16
NCI-H740,Sanger RNASeq,16
NCI-H727,Broad (CCLE) RNASeq,16
NCI-H720,Sanger RNASeq,16
NCI-H69,Broad (CCLE) RNASeq,16
NCI-H661,Sanger RNASeq,16
NCI-H660,Broad (CCLE) RNASeq,21
NCI-H650,Broad (CCLE) RNASeq,16
NCI-H647,Broad (CCLE) RNASeq,16
NCI-H64,Sanger RNASeq,16
NCI-H596,Broad (CCLE) RNASeq,16
NCI-H526,Broad (CCLE) RNASeq,16
NCI-H524,Broad (CCLE) RNASeq,16
NCI-H520,Broad (CCLE) RNASeq,16
NCI-H82,Broad (CCLE) RNASeq,16
PFSK-1,Sanger RNASeq,6
NCI-H835,Sanger RNASeq,16
NCI-H841,Broad (CCLE) RNASeq,16
PANC-10-05,Broad (CCLE) RNASeq,18
PANC-08-13,Broad (CCLE) RNASeq,18
PANC-04-03,Broad (CCLE) RNASeq,18
PANC-03-27,Broad (CCLE) RNASeq,18
PANC-02-03,Broad (CCLE) RNASeq,18
PA-1,Sanger RNASeq,17
OV-90,Broad (CCLE) RNASeq,17
SNU-5,Broad (CCLE) RNASeq,25
SNU-16,Sanger RNASeq,25
SNU-1,Sanger RNASeq,25
NCI-N87,Broad (CCLE) RNASeq,25
NCI-H929,Broad (CCLE) RNASeq,11
NCI-H847,Sanger RNASeq,16
NCI-H838,Broad (CCLE) RNASeq,16
SNU-182,Broad (CCLE) RNASeq,15
SUP-T1,Broad (CCLE) RNASeq,11
SW1088,Sanger RNASeq,6
SW1271,Broad (CCLE) RNASeq,16
SW954,Sanger RNASeq,30
SW900,Broad (CCLE) RNASeq,16
SW872,Sanger RNASeq,24
SW780,Sanger RNASeq,3
SW982,Sanger RNASeq,24
SW156,Sanger RNASeq,13
SW1573,Sanger RNASeq,16
SW1783,Broad (CCLE) RNASeq,6
SW1990,Broad (CCLE) RNASeq,18
SW626,Sanger RNASeq,14
TOV-21G,Broad (CCLE) RNASeq,17
TOV-112D,Broad (CCLE) RNASeq,17
T98G,Broad (CCLE) RNASeq,6
THP-1,Broad (CCLE) RNASeq,11
TE-441-T,Sanger RNASeq,24
SW756,Sanger RNASeq,7
SW684,Sanger RNASeq,24
SUP-B15,Broad (CCLE) RNASeq,11
SUP-B8,Sanger RNASeq,11
SW962,Sanger RNASeq,30
VA-ES-BJ,Sanger RNASeq,24
SNU-387,Broad (CCLE) RNASeq,15
SNU-398,Broad (CCLE) RNASeq,15
UM-UC-3,Broad (CCLE) RNASeq,3
UMC-11,Sanger RNASeq,16
T24,Broad (CCLE) RNASeq,3
U-CH2,Sanger RNASeq,4
UACC-893,Broad (CCLE) RNASeq,5
UACC-812,Sanger RNASeq,5
SU8686,Broad (CCLE) RNASeq,18
U-87-MG,Broad (CCLE) RNASeq,6
TCCSUP,Broad (CCLE) RNASeq,3
U-2-OS,Broad (CCLE) RNASeq,4
U-118-MG,Broad (CCLE) RNASeq,6
SNU-449,Broad (CCLE) RNASeq,15
U-937,Broad (CCLE) RNASeq,11
SNU-475,Broad (CCLE) RNASeq,15
SNU-C1,Sanger RNASeq,14
ST486,Sanger RNASeq,11
SNU-423,Broad (CCLE) RNASeq,15
NTERA-2-cl-D1,Sanger RNASeq,26
TUR,Sanger RNASeq,11
IMR-5,Sanger RNASeq,19
KNS-81-FD,Sanger RNASeq,6
Hey-A8,Broad (CCLE) RNASeq,17
MY-M12,Sanger RNASeq,11
JEG-3,Sanger RNASeq,20
LNZTA3WT4,Sanger RNASeq,6
CHL-1,Sanger RNASeq,22
BE2-M17,Sanger RNASeq,19
C2BBe1,Sanger RNASeq,14
C3A,Sanger RNASeq,15
451Lu,Sanger RNASeq,22
MMAc-SF,Sanger RNASeq,22
BE-13,Sanger RNASeq,11
MC-IXC,Sanger RNASeq,4
Ramos-2G6-4C10,Sanger RNASeq,11
CGTH-W-1,Sanger RNASeq,27
H9,Sanger RNASeq,11
P3HR-1,Broad (CCLE) RNASeq,11
HUH-6-clone5,Sanger RNASeq,15
GR-ST,Sanger RNASeq,11
MM1S,Broad (CCLE) RNASeq,11
